{
  "project_info": {
    "project_number": "1092425396153",
    "firebase_url": "https://optical-empire-354708-default-rtdb.firebaseio.com",
    "project_id": "optical-empire-354708",
    "storage_bucket": "optical-empire-354708.appspot.com"
  },
  "client": [
    {
      "client_info": {
        "mobilesdk_app_id": "1:1092425396153:android:85b404e8cf782bbd339068",
        "android_client_info": {
          "package_name": "com.example.abaygar_midtermexam"
        }
      },
      "oauth_client": [
        {
          "client_id": "1092425396153-rgm0a6edgson5enuqj36ovahfvkh35v8.apps.googleusercontent.com",
          "client_type": 3
        }
      ],
      "api_key": [
        {
          "current_key": "AIzaSyCzUH6Y7rfJNH6Y3XrSiaWCHIHivGKu-gg"
        }
      ],
      "services": {
        "appinvite_service": {
          "other_platform_oauth_client": [
            {
              "client_id": "1092425396153-rgm0a6edgson5enuqj36ovahfvkh35v8.apps.googleusercontent.com",
              "client_type": 3
            }
          ]
        }
      }
    },
    {
      "client_info": {
        "mobilesdk_app_id": "1:1092425396153:android:d0bfef41757bb009339068",
        "android_client_info": {
          "package_name": "com.example.abaygarsalazar_meowplus"
        }
      },
      "oauth_client": [
        {
          "client_id": "1092425396153-rgm0a6edgson5enuqj36ovahfvkh35v8.apps.googleusercontent.com",
          "client_type": 3
        }
      ],
      "api_key": [
        {
          "current_key": "AIzaSyCzUH6Y7rfJNH6Y3XrSiaWCHIHivGKu-gg"
        }
      ],
      "services": {
        "appinvite_service": {
          "other_platform_oauth_client": [
            {
              "client_id": "1092425396153-rgm0a6edgson5enuqj36ovahfvkh35v8.apps.googleusercontent.com",
              "client_type": 3
            }
          ]
        }
      }
    }
  ],
  "configuration_version": "1"
}